Author,Study_ID,Effect_Size_ID,Study_Country,Study_Region,Biome,Study_System,Verts_Inverts_Plants,Functional_Groups,Orders,Taxa_Category_2,Biodiversity_Category,Heterogeneity_Measure,Heterogeneity_Mesure_Fine,Heterogeneity_Type,Heterogeneity,Heterogeneity_Type_L_C,Pearson_Correlation,Sample_Size,Scale
Dominik et al. (2018),p28,sub10,The Philippines,Luzon island ,Tropical,Rice,Invertebrates,Pests,NA,Herbivores,Abundance,SHDI,Shannon’s Diversity Index,Landscape_compositional_het,Compositional_het,Landscape_het,0.007830016,187,100_m_R
Dominik et al. (2018),p28,sub11,The Philippines,Luzon island ,Tropical,Rice,Invertebrates,Pests,NA,Herbivores,Abundance,SHDI,Shannon’s Diversity Index,Landscape_compositional_het,Compositional_het,Landscape_het,-0.08924391,187,200_m_R
Dominik et al. (2018),p28,sub12,The Philippines,Luzon island ,Tropical,Rice,Invertebrates,Pests,NA,Herbivores,Abundance,SHDI,Shannon’s Diversity Index,Landscape_compositional_het,Compositional_het,Landscape_het,0.0652286,187,300_m_R
"Al Hassan et al. (2012, 2013)",p29,sub22,France,"Brittany, West- ern France, 48°36 ́n, 1°32 ́W",Temperate,Wheat and maize,Invertebrates,Pests,Hemiptera,Aphid,SWDiversity,SHDI,Shannon’s Diversity Index,Landscape_compositional_het,Compositional_het,Landscape_het,0.05518271,48,100_m_R
"Al Hassan et al. (2012, 2013)",p29,sub23,France,"Brittany, West- ern France, 48°36 ́n, 1°32 ́W",Temperate,Wheat and maize,Invertebrates,Pests,Hemiptera,Aphid,Richness,SHDI,Shannon’s Diversity Index,Landscape_compositional_het,Compositional_het,Landscape_het,0.1695458,48,100_m_R
"Al Hassan et al. (2012, 2013)",p29,sub24,France,"Brittany, West- ern France, 48°36 ́n, 1°32 ́W",Temperate,Wheat and maize,Invertebrates,Pests,Hemiptera,Aphid,Abundance,SHDI,Shannon’s Diversity Index,Landscape_compositional_het,Compositional_het,Landscape_het,0.09582995,48,100_m_R
"Al Hassan et al. (2012, 2013)",p29,sub25,France,"Brittany, West- ern France, 48°36 ́n, 1°32 ́W",Temperate,Wheat and maize,Invertebrates,Pests,Hemiptera,Aphid,SWDiversity,SHDI,Shannon’s Diversity Index,Landscape_compositional_het,Compositional_het,Landscape_het,0.05765596,48,250_m_R
"Al Hassan et al. (2012, 2013)",p29,sub26,France,"Brittany, West- ern France, 48°36 ́n, 1°32 ́W",Temperate,Wheat and maize,Invertebrates,Pests,Hemiptera,Aphid,Richness,SHDI,Shannon’s Diversity Index,Landscape_compositional_het,Compositional_het,Landscape_het,0.1404078,48,250_m_R
"Al Hassan et al. (2012, 2013)",p29,sub27,France,"Brittany, West- ern France, 48°36 ́n, 1°32 ́W",Temperate,Wheat and maize,Invertebrates,Pests,Hemiptera,Aphid,Abundance,SHDI,Shannon’s Diversity Index,Landscape_compositional_het,Compositional_het,Landscape_het,0.06392887,48,250_m_R
"Al Hassan et al. (2012, 2013)",p29,sub28,France,"Brittany, West- ern France, 48°36 ́n, 1°32 ́W",Temperate,Wheat and maize,Invertebrates,Pests,Hemiptera,Aphid,SWDiversity,SHDI,Shannon’s Diversity Index,Landscape_compositional_het,Compositional_het,Landscape_het,-0.01292008,48,500_m_R
"Al Hassan et al. (2012, 2013)",p29,sub29,France,"Brittany, West- ern France, 48°36 ́n, 1°32 ́W",Temperate,Wheat and maize,Invertebrates,Pests,Hemiptera,Aphid,Richness,SHDI,Shannon’s Diversity Index,Landscape_compositional_het,Compositional_het,Landscape_het,0.1040588,48,500_m_R
"Al Hassan et al. (2012, 2013)",p29,sub30,France,"Brittany, West- ern France, 48°36 ́n, 1°32 ́W",Temperate,Wheat and maize,Invertebrates,Pests,Hemiptera,Aphid,Abundance,SHDI,Shannon’s Diversity Index,Landscape_compositional_het,Compositional_het,Landscape_het,0.1485831,48,500_m_R
Dainese et al. (2017),p48,sub358,Italy,"Venetian–Friulian Plain (north-eastern Italy: 46°09045°160 N, 11°45013°220 E)",Temperate,Wheat,Invertebrates,Pests,Hemiptera, Aphid,Abundance,SHDI,Shannon’s Diversity Index,Landscape_compositional_het,Compositional_het,Landscape_het,0.09470615,26,100_m_R
Dainese et al. (2017),p48,sub359,Italy,"Venetian–Friulian Plain (north-eastern Italy: 46°09045°160 N, 11°45013°220 E)",Temperate,Wheat,Invertebrates,Pests,Hemiptera, Aphid,Abundance,SHDI,Shannon’s Diversity Index,Landscape_compositional_het,Compositional_het,Landscape_het,-0.04045688,26,250_m_R
Dainese et al. (2017),p48,sub360,Italy,"Venetian–Friulian Plain (north-eastern Italy: 46°09045°160 N, 11°45013°220 E)",Temperate,Wheat,Invertebrates,Pests,Hemiptera, Aphid,Abundance,SHDI,Shannon’s Diversity Index,Landscape_compositional_het,Compositional_het,Landscape_het,0.04154249,26,500_m_R
Dainese et al. (2017),p48,sub361,Italy,"Venetian–Friulian Plain (north-eastern Italy: 46°09045°160 N, 11°45013°220 E)",Temperate,Wheat,Invertebrates,Pests,Hemiptera, Aphid,Abundance,SHDI,Shannon’s Diversity Index,Landscape_compositional_het,Compositional_het,Landscape_het,0.06129265,26,1000_m_R
Janković et al. (2017),p56,sub508,Serbia,Central Serbia,Temperate,"Wheat, alfalfa",Invertebrates,Pests,Hemiptera,Pea aphid ,Abundance,SHDI,Shannon’s Diversity Index,Landscape_compositional_het,Compositional_het,Landscape_het,0.2699212,26,100_m_R
Janković et al. (2017),p56,sub509,Serbia,Central Serbia,Temperate,"Wheat, alfalfa",Invertebrates,Pests,Hemiptera,Cowpea aphid,Abundance,SHDI,Shannon’s Diversity Index,Landscape_compositional_het,Compositional_het,Landscape_het,0.2472713,26,100_m_R
Janković et al. (2017),p56,sub510,Serbia,Central Serbia,Temperate,"Wheat, alfalfa",Invertebrates,Pests,Hemiptera,Rose-grass aphid,Abundance,SHDI,Shannon’s Diversity Index,Landscape_compositional_het,Compositional_het,Landscape_het,0.02335142,26,100_m_R
Janković et al. (2017),p56,sub511,Serbia,Central Serbia,Temperate,"Wheat, alfalfa",Invertebrates,Pests,Hemiptera,Grain aphid,Abundance,SHDI,Shannon’s Diversity Index,Landscape_compositional_het,Compositional_het,Landscape_het,0.05634795,26,100_m_R
Janković et al. (2017),p56,sub512,Serbia,Central Serbia,Temperate,"Wheat, alfalfa",Invertebrates,Pests,Hemiptera,Yellow clover aphid,Abundance,SHDI,Shannon’s Diversity Index,Landscape_compositional_het,Compositional_het,Landscape_het,0.329184,26,100_m_R
Janković et al. (2017),p56,sub513,Serbia,Central Serbia,Temperate,"Wheat, alfalfa",Invertebrates,Pests,Hemiptera,Pea aphid ,Abundance,SHDI,Shannon’s Diversity Index,Landscape_compositional_het,Compositional_het,Landscape_het,0.01093249,26,250_m_R
Janković et al. (2017),p56,sub514,Serbia,Central Serbia,Temperate,"Wheat, alfalfa",Invertebrates,Pests,Hemiptera,Cowpea aphid,Abundance,SHDI,Shannon’s Diversity Index,Landscape_compositional_het,Compositional_het,Landscape_het,0.1056313,26,250_m_R
Janković et al. (2017),p56,sub515,Serbia,Central Serbia,Temperate,"Wheat, alfalfa",Invertebrates,Pests,Hemiptera,Rose-grass aphid,Abundance,SHDI,Shannon’s Diversity Index,Landscape_compositional_het,Compositional_het,Landscape_het,0.1486253,26,250_m_R
Janković et al. (2017),p56,sub516,Serbia,Central Serbia,Temperate,"Wheat, alfalfa",Invertebrates,Pests,Hemiptera,Grain aphid,Abundance,SHDI,Shannon’s Diversity Index,Landscape_compositional_het,Compositional_het,Landscape_het,0.2376141,26,250_m_R
Janković et al. (2017),p56,sub517,Serbia,Central Serbia,Temperate,"Wheat, alfalfa",Invertebrates,Pests,Hemiptera,Yellow clover aphid,Abundance,SHDI,Shannon’s Diversity Index,Landscape_compositional_het,Compositional_het,Landscape_het,-0.01295631,26,250_m_R
Janković et al. (2017),p56,sub518,Serbia,Central Serbia,Temperate,"Wheat, alfalfa",Invertebrates,Pests,Hemiptera,Pea aphid ,Abundance,SHDI,Shannon’s Diversity Index,Landscape_compositional_het,Compositional_het,Landscape_het,-0.1875978,26,500_m_R
Janković et al. (2017),p56,sub519,Serbia,Central Serbia,Temperate,"Wheat, alfalfa",Invertebrates,Pests,Hemiptera,Cowpea aphid,Abundance,SHDI,Shannon’s Diversity Index,Landscape_compositional_het,Compositional_het,Landscape_het,0.09885502,26,500_m_R
Janković et al. (2017),p56,sub520,Serbia,Central Serbia,Temperate,"Wheat, alfalfa",Invertebrates,Pests,Hemiptera,Rose-grass aphid,Abundance,SHDI,Shannon’s Diversity Index,Landscape_compositional_het,Compositional_het,Landscape_het,0.2539194,26,500_m_R
Janković et al. (2017),p56,sub521,Serbia,Central Serbia,Temperate,"Wheat, alfalfa",Invertebrates,Pests,Hemiptera,Grain aphid,Abundance,SHDI,Shannon’s Diversity Index,Landscape_compositional_het,Compositional_het,Landscape_het,0.2515219,26,500_m_R
Janković et al. (2017),p56,sub522,Serbia,Central Serbia,Temperate,"Wheat, alfalfa",Invertebrates,Pests,Hemiptera,Yellow clover aphid,Abundance,SHDI,Shannon’s Diversity Index,Landscape_compositional_het,Compositional_het,Landscape_het,0.04321483,26,500_m_R
Thies et al. (2005),p62,sub712,Germany,"Lower Saxony, North Germany",Temperate,Wheat,Invertebrates,Pests,Hemiptera,Aphid,Abundance,SHDI,Shannon’s Diversity Index,Landscape_compositional_het,Compositional_het,Landscape_het,0.04984126,39,100_m_R
Thies et al. (2005),p62,sub713,Germany,"Lower Saxony, North Germany",Temperate,Wheat,Invertebrates,Pests,Hemiptera,Aphid,Abundance,SHDI,Shannon’s Diversity Index,Landscape_compositional_het,Compositional_het,Landscape_het,0.01790322,39,250_m_R
Thies et al. (2005),p62,sub714,Germany,"Lower Saxony, North Germany",Temperate,Wheat,Invertebrates,Pests,Hemiptera,Aphid,Abundance,SHDI,Shannon’s Diversity Index,Landscape_compositional_het,Compositional_het,Landscape_het,-0.07325757,39,500_m_R
Thies et al. (2005),p62,sub715,Germany,"Lower Saxony, North Germany",Temperate,Wheat,Invertebrates,Pests,Hemiptera,Aphid,Abundance,SHDI,Shannon’s Diversity Index,Landscape_compositional_het,Compositional_het,Landscape_het,-0.03127441,39,1000_m_R
Thies et al. (2005),p62,sub716,Germany,"Lower Saxony, North Germany",Temperate,Wheat,Invertebrates,Pests,Hemiptera,Aphid,Abundance,SHDI,Shannon’s Diversity Index,Landscape_compositional_het,Compositional_het,Landscape_het,-0.06535334,39,2000_m_R
Thies et al. (2005),p62,sub717,Germany,"Lower Saxony, North Germany",Temperate,Wheat,Invertebrates,Pests,Hemiptera,Aphid,Abundance,SHDI,Shannon’s Diversity Index,Landscape_compositional_het,Compositional_het,Landscape_het,-0.0927519,39,3000_m_R
Sutter et al. (2018),p63,sub758,Switzerland,Zurich,Temperate,Oilseed rape,Invertebrates,Pests,Coleoptera,Pollen beetle,Abundance,SHDI,Shannon’s Diversity Index,Landscape_compositional_het,Compositional_het,Landscape_het,0.1200328,72,100_m_R
Sutter et al. (2018),p63,sub759,Switzerland,Zurich,Temperate,Oilseed rape,Invertebrates,Pests,Coleoptera,Pollen beetle,Abundance,SHDI,Shannon’s Diversity Index,Landscape_compositional_het,Compositional_het,Landscape_het,0.1780947,72,250_m_R
Sutter et al. (2018),p63,sub760,Switzerland,Zurich,Temperate,Oilseed rape,Invertebrates,Pests,Coleoptera,Pollen beetle,Abundance,SHDI,Shannon’s Diversity Index,Landscape_compositional_het,Compositional_het,Landscape_het,0.2587353,72,500_m_R
Sutter et al. (2018),p63,sub761,Switzerland,Zurich,Temperate,Oilseed rape,Invertebrates,Pests,Coleoptera,Pollen beetle,Abundance,SHDI,Shannon’s Diversity Index,Landscape_compositional_het,Compositional_het,Landscape_het,0.1897324,72,1000_m_R
Tschumi et al. (2015),p65,sub810,Switzerland,Central Swiss plateau (cantons Zurich and Aargau),Temperate,Wheat,Invertebrates,Pests,Coleoptera,Cereal leaf beetle (Oulema.melanopus),Abundance,SHDI,Shannon’s Diversity Index,Landscape_compositional_het,Compositional_het,Landscape_het,-0.07427386,50,100_m_R
Tschumi et al. (2015),p65,sub811,Switzerland,Central Swiss plateau (cantons Zurich and Aargau),Temperate,Wheat,Invertebrates,Pests,Coleoptera,Cereal leaf beetle (Oulema.melanopus),Abundance,SHDI,Shannon’s Diversity Index,Landscape_compositional_het,Compositional_het,Landscape_het,0.06509982,50,250_m_R
Tschumi et al. (2015),p65,sub812,Switzerland,Central Swiss plateau (cantons Zurich and Aargau),Temperate,Wheat,Invertebrates,Pests,Coleoptera,Cereal leaf beetle (Oulema.melanopus),Abundance,SHDI,Shannon’s Diversity Index,Landscape_compositional_het,Compositional_het,Landscape_het,0.01782405,50,500_m_R
Tschumi et al. (2015),p65,sub813,Switzerland,Central Swiss plateau (cantons Zurich and Aargau),Temperate,Wheat,Invertebrates,Pests,Coleoptera,Cereal leaf beetle (Oulema.melanopus),Abundance,SHDI,Shannon’s Diversity Index,Landscape_compositional_het,Compositional_het,Landscape_het,0.1151979,50,1000_m_R
Schneider et al. (2015),p68,sub853,Germany,"Würzburg, Bavaria",Temperate,Oilseed rape,Invertebrates,Pests,Coleoptera,Pollen beetle,Abundance,SHDI,Shannon’s Diversity Index,Landscape_compositional_het,Compositional_het,Landscape_het,-0.0161961,36,100_m_R
Schneider et al. (2015),p68,sub854,Germany,"Würzburg, Bavaria",Temperate,Oilseed rape,Invertebrates,Pests,Coleoptera,Pollen beetle,Abundance,SHDI,Shannon’s Diversity Index,Landscape_compositional_het,Compositional_het,Landscape_het,0.02142203,36,250_m_R
Schneider et al. (2015),p68,sub855,Germany,"Würzburg, Bavaria",Temperate,Oilseed rape,Invertebrates,Pests,Coleoptera,Pollen beetle,Abundance,SHDI,Shannon’s Diversity Index,Landscape_compositional_het,Compositional_het,Landscape_het,0.04205537,36,500_m_R
Schneider et al. (2015),p68,sub856,Germany,"Würzburg, Bavaria",Temperate,Oilseed rape,Invertebrates,Pests,Coleoptera,Pollen beetle,Abundance,SHDI,Shannon’s Diversity Index,Landscape_compositional_het,Compositional_het,Landscape_het,-0.01055178,36,1000_m_R
Schneider et al. (2015),p68,sub857,Germany,"Würzburg, Bavaria",Temperate,Oilseed rape,Invertebrates,Pests,Coleoptera,Pollen beetle,Abundance,SHDI,Shannon’s Diversity Index,Landscape_compositional_het,Compositional_het,Landscape_het,-0.01689756,35,2000_m_R
Schneider et al. (2015),p68,sub858,Germany,"Würzburg, Bavaria",Temperate,Oilseed rape,Invertebrates,Pests,Coleoptera,Pollen beetle,Abundance,SHDI,Shannon’s Diversity Index,Landscape_compositional_het,Compositional_het,Landscape_het,0.009477188,35,3000_m_R
Gladbach et al. (2011),p69,sub859,Germany,"Go¨ttingen, Lower Saxony, Germany (51320 N, 9560 E)",Temperate,Oilseed rape,Invertebrates,Pests,Coleoptera,Pollen beetle,Abundance,SHDI,Shannon’s Diversity Index,Landscape_compositional_het,Compositional_het,Landscape_het,-0.2959171,8,100_m_R
Gladbach et al. (2011),p69,sub860,Germany,"Go¨ttingen, Lower Saxony, Germany (51320 N, 9560 E)",Temperate,Oilseed rape,Invertebrates,Pests,Coleoptera,Pollen beetle,Abundance,SHDI,Shannon’s Diversity Index,Landscape_compositional_het,Compositional_het,Landscape_het,0.02777035,8,250_m_R
Gladbach et al. (2011),p69,sub861,Germany,"Go¨ttingen, Lower Saxony, Germany (51320 N, 9560 E)",Temperate,Oilseed rape,Invertebrates,Pests,Coleoptera,Pollen beetle,Abundance,SHDI,Shannon’s Diversity Index,Landscape_compositional_het,Compositional_het,Landscape_het,0.03079197,8,500_m_R
Gladbach et al. (2011),p69,sub862,Germany,"Go¨ttingen, Lower Saxony, Germany (51320 N, 9560 E)",Temperate,Oilseed rape,Invertebrates,Pests,Coleoptera,Pollen beetle,Abundance,SHDI,Shannon’s Diversity Index,Landscape_compositional_het,Compositional_het,Landscape_het,-0.1645585,8,1000_m_R
Gladbach et al. (2011),p69,sub863,Germany,"Go¨ttingen, Lower Saxony, Germany (51320 N, 9560 E)",Temperate,Oilseed rape,Invertebrates,Pests,Coleoptera,Pollen beetle,Abundance,SHDI,Shannon’s Diversity Index,Landscape_compositional_het,Compositional_het,Landscape_het,0.2128343,8,2000_m_R
Gladbach et al. (2011),p69,sub864,Germany,"Go¨ttingen, Lower Saxony, Germany (51320 N, 9560 E)",Temperate,Oilseed rape,Invertebrates,Pests,Coleoptera,Pollen beetle,Abundance,SHDI,Shannon’s Diversity Index,Landscape_compositional_het,Compositional_het,Landscape_het,0.4184283,8,3000_m_R
"Ruscha et al. (2011, 2013)",p70,sub865,France,Normandy,Temperate,Oilseed rape,Invertebrates,Pests,Coleoptera,Pollen beetle,Abundance,SHDI,Shannon’s Diversity Index,Landscape_compositional_het,Compositional_het,Landscape_het,0.29165,42,100_m_R
"Ruscha et al. (2011, 2013)",p70,sub866,France,Normandy,Temperate,Oilseed rape,Invertebrates,Pests,Coleoptera,Pollen beetle,Abundance,SHDI,Shannon’s Diversity Index,Landscape_compositional_het,Compositional_het,Landscape_het,0.3488429,42,250_m_R
"Ruscha et al. (2011, 2013)",p70,sub867,France,Normandy,Temperate,Oilseed rape,Invertebrates,Pests,Coleoptera,Pollen beetle,Abundance,SHDI,Shannon’s Diversity Index,Landscape_compositional_het,Compositional_het,Landscape_het,0.3903395,42,500_m_R
"Ruscha et al. (2011, 2013)",p70,sub868,France,Normandy,Temperate,Oilseed rape,Invertebrates,Pests,Coleoptera,Pollen beetle,Abundance,SHDI,Shannon’s Diversity Index,Landscape_compositional_het,Compositional_het,Landscape_het,0.3962249,42,1000_m_R
"Ruscha et al. (2011, 2013)",p70,sub869,France,Normandy,Temperate,Oilseed rape,Invertebrates,Pests,Coleoptera,Pollen beetle,Abundance,SHDI,Shannon’s Diversity Index,Landscape_compositional_het,Compositional_het,Landscape_het,0.4075307,42,2000_m_R
Martínez-Núñez et al. (2020),p76,sub967,Spain,Andalusia,Temperate,Olive groves,Invertebrates,Pests,Lepidoptera,Pest(Prays oleae),Abundance,SHDI,Shannon’s Diversity Index,Landscape_compositional_het,Compositional_het,Landscape_het,0.271714647,40,1000_m_R
Martínez-Núñez et al. (2020),p76,sub968,Spain,Andalusia,Temperate,Olive groves,Invertebrates,Pests,Diptera,Pest(Bactrocera oleae),Abundance,SHDI,Shannon’s Diversity Index,Landscape_compositional_het,Compositional_het,Landscape_het,-0.3167306,40,1000_m_R
Blubaugh et al. (2021),p87,sub1014,USA,"Washington, Oregon and Idaho",Temperate,Multiple,Invertebrates,Pests,Lepidoptera,Lepidoptera (butterflies),Abundance,SHDI,Shannon’s Diversity Index,Landscape_compositional_het,Compositional_het,Landscape_het,-0.279,52,1000_m_R
Blubaugh et al. (2021),p87,sub1015,USA,"Washington, Oregon and Idaho",Temperate,Multiple,Invertebrates,Pests,Hemiptera,Aphid,Abundance,SHDI,Shannon’s Diversity Index,Landscape_compositional_het,Compositional_het,Landscape_het,0.43,52,1000_m_R
Fabian et al. (2013),p88,sub1017,Switzerland,Lake Neuchatel in north-west Switzerland (coordinates: 46° 52′ N 06° 56′ E),Temperate,Multiple,Invertebrates,Pests,Hemiptera,Aphid,Abundance,SHDI,Shannon’s Diversity Index,Landscape_compositional_het,Compositional_het,Landscape_het,-0.06108626,10,500_m_R
Dorman et al. (2020),p91,sub1085,USA,Virginia,Temperate,"Mainly cotton, also corn,  wheat, soybeans",Invertebrates,Pests,Hemiptera,Lygus lineolaris,Abundance,SHDI,Shannon’s Diversity Index,Landscape_compositional_het,Compositional_het,Landscape_het,0.2958822,22,3000_m_R
Dorman et al. (2020),p91,sub1086,USA,Virginia,Temperate,"Mainly cotton, also corn,  wheat, soybeans",Invertebrates,Pests,Hemiptera,Lygus lineolaris,Abundance,SHDI,Shannon’s Diversity Index,Landscape_compositional_het,Compositional_het,Landscape_het,0.2301916,22,1500_m_R
Dorman et al. (2020),p91,sub1087,USA,Virginia,Temperate,"Mainly cotton, also corn,  wheat, soybeans",Invertebrates,Pests,Hemiptera,Lygus lineolaris,Abundance,SHDI,Shannon’s Diversity Index,Landscape_compositional_het,Compositional_het,Landscape_het,0.2577965,22,750_m_R
Dorman et al. (2020),p91,sub1088,USA,Virginia,Temperate,"Mainly cotton, also corn,  wheat, soybeans",Invertebrates,Pests,Hemiptera,Lygus lineolaris,Abundance,SHDI,Shannon’s Diversity Index,Landscape_compositional_het,Compositional_het,Landscape_het,0.273178,34,3000_m_R
Dorman et al. (2020),p91,sub1089,USA,Virginia,Temperate,"Mainly cotton, also corn,  wheat, soybeans",Invertebrates,Pests,Hemiptera,Lygus lineolaris,Abundance,SHDI,Shannon’s Diversity Index,Landscape_compositional_het,Compositional_het,Landscape_het,0.2266777,34,1500_m_R
Dorman et al. (2020),p91,sub1090,USA,Virginia,Temperate,"Mainly cotton, also corn,  wheat, soybeans",Invertebrates,Pests,Hemiptera,Lygus lineolaris,Abundance,SHDI,Shannon’s Diversity Index,Landscape_compositional_het,Compositional_het,Landscape_het,0.1911983,34,750_m_R
Priyadarshana et al. (2023),p93,sub1091,China,"Nanning, the capital of Guangxi Zhuang Autonomous Region (22◦56′–22◦95′N, 108◦13′–108◦62′E)",Tropical,"Multiple (rice, sugarcane, corn are dominant)",Invertebrates,Pests,Lepidoptera,Butterflies,Abundance,SHDI,Shannon’s Diversity Index,Landscape_compositional_het,Compositional_het,Landscape_het,-0.08690251,156,100_m_R
Priyadarshana et al. (2023),p93,sub1092,China,"Nanning, the capital of Guangxi Zhuang Autonomous Region (22◦56′–22◦95′N, 108◦13′–108◦62′E)",Tropical,"Multiple (rice, sugarcane, corn are dominant)",Invertebrates,Pests,Lepidoptera,Butterflies,Abundance,SHDI,Shannon’s Diversity Index,Landscape_compositional_het,Compositional_het,Landscape_het,-0.2775284,156,500_m_R
Serafini et al. (2019),p100,sub1097,Argentina,"Co ́rdoba Province, Argentina",Tropical,Mixed crops,Vertebrates,Pests,Rodentia,Small mammals,Richness,SHDI,Shannon’s Diversity Index,Landscape_compositional_het,Compositional_het,Landscape_het,0.144222051,47,150m
Serafini et al. (2019),p100,sub1098,Argentina,"Co ́rdoba Province, Argentina",Tropical,Mixed crops,Vertebrates,Pests,Rodentia,Small mammals,Richness,SHDI,Shannon’s Diversity Index,Landscape_compositional_het,Compositional_het,Landscape_het,-0.083666003,34,200m
Serafini et al. (2019),p100,sub1099,Argentina,"Co ́rdoba Province, Argentina",Tropical,Mixed crops,Vertebrates,Pests,Rodentia,Small mammals,Richness,SHDI,Shannon’s Diversity Index,Landscape_compositional_het,Compositional_het,Landscape_het,-0.024494897,42,300m
Serafini et al. (2019),p100,sub1100,Argentina,"Co ́rdoba Province, Argentina",Tropical,Mixed crops,Vertebrates,Pests,Rodentia,Small mammals,Richness,SHDI,Shannon’s Diversity Index,Landscape_compositional_het,Compositional_het,Landscape_het,0.168226038,47,400m
Serafini et al. (2019),p100,sub1101,Argentina,"Co ́rdoba Province, Argentina",Tropical,Mixed crops,Vertebrates,Pests,Rodentia,Small mammals,Richness,SHDI,Shannon’s Diversity Index,Landscape_compositional_het,Compositional_het,Landscape_het,0.565685425,42,500m
Serafini et al. (2019),p100,sub1102,Argentina,"Co ́rdoba Province, Argentina",Tropical,Mixed crops,Vertebrates,Pests,Rodentia,Small mammals,Richness,SHDI,Shannon’s Diversity Index,Landscape_compositional_het,Compositional_het,Landscape_het,0.165529454,42,600m
Serafini et al. (2019),p103,sub1106,Argentina,"Córdoba Province, Argentina",Tropical,Soybean,Vertebrates,Pests,Rodentia,Small mammals,Richness,SHDI,Shannon’s Diversity Index,Landscape_compositional_het,Compositional_het,Landscape_het,-0.283196045,16,200m
Serafini et al. (2019),p103,sub1107,Argentina,"Córdoba Province, Argentina",Tropical,Soybean,Vertebrates,Pests,Rodentia,Small mammals,Richness,SHDI,Shannon’s Diversity Index,Landscape_compositional_het,Compositional_het,Landscape_het,-0.535817133,15,200m
Serafini et al. (2019),p103,sub1108,Argentina,"Córdoba Province, Argentina",Tropical,Soybean,Vertebrates,Pests,Rodentia,Small mammals,Richness,SHDI,Shannon’s Diversity Index,Landscape_compositional_het,Compositional_het,Landscape_het,-0.216333077,17,200m
Noma et al. (2010),p106,sub1119,USA,"Iowa, Michigan, Minnesota, and Wisconsin",Temperate,Soybean,Invertebrates,Pests,Hemiptera,Aphid,Abundance,SIDI,Simpson diversity index ,Landscape_compositional_het,Compositional_het,Landscape_het,-0.291547595,26,2000m
"Al Hassan et al. (2012, 2013)",p29,sub1143,France,"Brittany, West- ern France, 48°36 ́n, 1°32 ́W",Temperate,Wheat and maize,Invertebrates,Pests,Hemiptera,Aphid,SWDiversity,ED,Edge Density,Landscape_Configurational_het,Configurational_het,Landscape_het,0.1020127,48,100_m_R
"Al Hassan et al. (2012, 2013)",p29,sub1144,France,"Brittany, West- ern France, 48°36 ́n, 1°32 ́W",Temperate,Wheat and maize,Invertebrates,Pests,Hemiptera,Aphid,Richness,ED,Edge Density,Landscape_Configurational_het,Configurational_het,Landscape_het,0.197301,48,100_m_R
"Al Hassan et al. (2012, 2013)",p29,sub1145,France,"Brittany, West- ern France, 48°36 ́n, 1°32 ́W",Temperate,Wheat and maize,Invertebrates,Pests,Hemiptera,Aphid,Abundance,ED,Edge Density,Landscape_Configurational_het,Configurational_het,Landscape_het,0.1532921,48,100_m_R
"Al Hassan et al. (2012, 2013)",p29,sub1146,France,"Brittany, West- ern France, 48°36 ́n, 1°32 ́W",Temperate,Wheat and maize,Invertebrates,Pests,Hemiptera,Aphid,SWDiversity,ED,Edge Density,Landscape_Configurational_het,Configurational_het,Landscape_het,0.05693911,48,250_m_R
"Al Hassan et al. (2012, 2013)",p29,sub1147,France,"Brittany, West- ern France, 48°36 ́n, 1°32 ́W",Temperate,Wheat and maize,Invertebrates,Pests,Hemiptera,Aphid,Richness,ED,Edge Density,Landscape_Configurational_het,Configurational_het,Landscape_het,0.08626723,48,250_m_R
"Al Hassan et al. (2012, 2013)",p29,sub1148,France,"Brittany, West- ern France, 48°36 ́n, 1°32 ́W",Temperate,Wheat and maize,Invertebrates,Pests,Hemiptera,Aphid,Abundance,ED,Edge Density,Landscape_Configurational_het,Configurational_het,Landscape_het,0.171482,48,250_m_R
"Al Hassan et al. (2012, 2013)",p29,sub1149,France,"Brittany, West- ern France, 48°36 ́n, 1°32 ́W",Temperate,Wheat and maize,Invertebrates,Pests,Hemiptera,Aphid,SWDiversity,ED,Edge Density,Landscape_Configurational_het,Configurational_het,Landscape_het,-0.004087421,48,500_m_R
"Al Hassan et al. (2012, 2013)",p29,sub1150,France,"Brittany, West- ern France, 48°36 ́n, 1°32 ́W",Temperate,Wheat and maize,Invertebrates,Pests,Hemiptera,Aphid,Richness,ED,Edge Density,Landscape_Configurational_het,Configurational_het,Landscape_het,0.01964033,48,500_m_R
"Al Hassan et al. (2012, 2013)",p29,sub1151,France,"Brittany, West- ern France, 48°36 ́n, 1°32 ́W",Temperate,Wheat and maize,Invertebrates,Pests,Hemiptera,Aphid,Abundance,ED,Edge Density,Landscape_Configurational_het,Configurational_het,Landscape_het,0.1222491,48,500_m_R
Dainese et al. (2017),p48,sub1479,Italy,"Venetian–Friulian Plain (north-eastern Italy: 46°09045°160 N, 11°45013°220 E)",Temperate,Wheat,Invertebrates,Pests,Hemiptera, Aphid,Abundance,ED,Edge Density,Landscape_Configurational_het,Configurational_het,Landscape_het,-0.0292363,26,100_m_R
Dainese et al. (2017),p48,sub1480,Italy,"Venetian–Friulian Plain (north-eastern Italy: 46°09045°160 N, 11°45013°220 E)",Temperate,Wheat,Invertebrates,Pests,Hemiptera, Aphid,Abundance,ED,Edge Density,Landscape_Configurational_het,Configurational_het,Landscape_het,0.1004213,26,250_m_R
Dainese et al. (2017),p48,sub1481,Italy,"Venetian–Friulian Plain (north-eastern Italy: 46°09045°160 N, 11°45013°220 E)",Temperate,Wheat,Invertebrates,Pests,Hemiptera, Aphid,Abundance,ED,Edge Density,Landscape_Configurational_het,Configurational_het,Landscape_het,0.1621149,26,500_m_R
Dainese et al. (2017),p48,sub1482,Italy,"Venetian–Friulian Plain (north-eastern Italy: 46°09045°160 N, 11°45013°220 E)",Temperate,Wheat,Invertebrates,Pests,Hemiptera, Aphid,Abundance,ED,Edge Density,Landscape_Configurational_het,Configurational_het,Landscape_het,0.2154971,26,1000_m_R
Janković et al. (2017),p56,sub1629,Serbia,Central Serbia,Temperate,"Wheat, alfalfa",Invertebrates,Pests,Hemiptera,Pea aphid ,Abundance,ED,Edge Density,Landscape_Configurational_het,Configurational_het,Landscape_het,0.06357747,26,100_m_R
Janković et al. (2017),p56,sub1630,Serbia,Central Serbia,Temperate,"Wheat, alfalfa",Invertebrates,Pests,Hemiptera,Cowpea aphid,Abundance,ED,Edge Density,Landscape_Configurational_het,Configurational_het,Landscape_het,0.3333308,26,100_m_R
Janković et al. (2017),p56,sub1631,Serbia,Central Serbia,Temperate,"Wheat, alfalfa",Invertebrates,Pests,Hemiptera,Rose-grass aphid,Abundance,ED,Edge Density,Landscape_Configurational_het,Configurational_het,Landscape_het,0.1808313,26,100_m_R
Janković et al. (2017),p56,sub1632,Serbia,Central Serbia,Temperate,"Wheat, alfalfa",Invertebrates,Pests,Hemiptera,Grain aphid,Abundance,ED,Edge Density,Landscape_Configurational_het,Configurational_het,Landscape_het,0.03720611,26,100_m_R
Janković et al. (2017),p56,sub1633,Serbia,Central Serbia,Temperate,"Wheat, alfalfa",Invertebrates,Pests,Hemiptera,Yellow clover aphid,Abundance,ED,Edge Density,Landscape_Configurational_het,Configurational_het,Landscape_het,0.08707626,26,100_m_R
Janković et al. (2017),p56,sub1634,Serbia,Central Serbia,Temperate,"Wheat, alfalfa",Invertebrates,Pests,Hemiptera,Pea aphid ,Abundance,ED,Edge Density,Landscape_Configurational_het,Configurational_het,Landscape_het,0.1352737,26,250_m_R
Janković et al. (2017),p56,sub1635,Serbia,Central Serbia,Temperate,"Wheat, alfalfa",Invertebrates,Pests,Hemiptera,Cowpea aphid,Abundance,ED,Edge Density,Landscape_Configurational_het,Configurational_het,Landscape_het,0.101925,26,250_m_R
Janković et al. (2017),p56,sub1636,Serbia,Central Serbia,Temperate,"Wheat, alfalfa",Invertebrates,Pests,Hemiptera,Rose-grass aphid,Abundance,ED,Edge Density,Landscape_Configurational_het,Configurational_het,Landscape_het,-0.156778,26,250_m_R
Janković et al. (2017),p56,sub1637,Serbia,Central Serbia,Temperate,"Wheat, alfalfa",Invertebrates,Pests,Hemiptera,Grain aphid,Abundance,ED,Edge Density,Landscape_Configurational_het,Configurational_het,Landscape_het,-0.1442206,26,250_m_R
Janković et al. (2017),p56,sub1638,Serbia,Central Serbia,Temperate,"Wheat, alfalfa",Invertebrates,Pests,Hemiptera,Yellow clover aphid,Abundance,ED,Edge Density,Landscape_Configurational_het,Configurational_het,Landscape_het,-0.03320793,26,250_m_R
Janković et al. (2017),p56,sub1639,Serbia,Central Serbia,Temperate,"Wheat, alfalfa",Invertebrates,Pests,Hemiptera,Pea aphid ,Abundance,ED,Edge Density,Landscape_Configurational_het,Configurational_het,Landscape_het,-0.009188292,26,500_m_R
Janković et al. (2017),p56,sub1640,Serbia,Central Serbia,Temperate,"Wheat, alfalfa",Invertebrates,Pests,Hemiptera,Cowpea aphid,Abundance,ED,Edge Density,Landscape_Configurational_het,Configurational_het,Landscape_het,0.2876855,26,500_m_R
Janković et al. (2017),p56,sub1641,Serbia,Central Serbia,Temperate,"Wheat, alfalfa",Invertebrates,Pests,Hemiptera,Rose-grass aphid,Abundance,ED,Edge Density,Landscape_Configurational_het,Configurational_het,Landscape_het,-0.009568338,26,500_m_R
Janković et al. (2017),p56,sub1642,Serbia,Central Serbia,Temperate,"Wheat, alfalfa",Invertebrates,Pests,Hemiptera,Grain aphid,Abundance,ED,Edge Density,Landscape_Configurational_het,Configurational_het,Landscape_het,-0.1809839,26,500_m_R
Janković et al. (2017),p56,sub1643,Serbia,Central Serbia,Temperate,"Wheat, alfalfa",Invertebrates,Pests,Hemiptera,Yellow clover aphid,Abundance,ED,Edge Density,Landscape_Configurational_het,Configurational_het,Landscape_het,-0.2534197,26,500_m_R
Thies et al. (2005),p62,sub1833,Germany,"Lower Saxony, North Germany",Temperate,Wheat,Invertebrates,Pests,Hemiptera,Aphid,Abundance,ED,Edge Density,Landscape_Configurational_het,Configurational_het,Landscape_het,-0.1230359,39,100_m_R
Thies et al. (2005),p62,sub1834,Germany,"Lower Saxony, North Germany",Temperate,Wheat,Invertebrates,Pests,Hemiptera,Aphid,Abundance,ED,Edge Density,Landscape_Configurational_het,Configurational_het,Landscape_het,-0.02749467,39,250_m_R
Thies et al. (2005),p62,sub1835,Germany,"Lower Saxony, North Germany",Temperate,Wheat,Invertebrates,Pests,Hemiptera,Aphid,Abundance,ED,Edge Density,Landscape_Configurational_het,Configurational_het,Landscape_het,-0.08447424,39,500_m_R
Thies et al. (2005),p62,sub1836,Germany,"Lower Saxony, North Germany",Temperate,Wheat,Invertebrates,Pests,Hemiptera,Aphid,Abundance,ED,Edge Density,Landscape_Configurational_het,Configurational_het,Landscape_het,-0.2210393,39,1000_m_R
Thies et al. (2005),p62,sub1837,Germany,"Lower Saxony, North Germany",Temperate,Wheat,Invertebrates,Pests,Hemiptera,Aphid,Abundance,ED,Edge Density,Landscape_Configurational_het,Configurational_het,Landscape_het,0.009566047,39,2000_m_R
Thies et al. (2005),p62,sub1838,Germany,"Lower Saxony, North Germany",Temperate,Wheat,Invertebrates,Pests,Hemiptera,Aphid,Abundance,ED,Edge Density,Landscape_Configurational_het,Configurational_het,Landscape_het,0.1037314,39,3000_m_R
Sutter et al. (2018),p63,sub1879,Switzerland,Zurich,Temperate,Oilseed rape,Invertebrates,Pests,Coleoptera,Pollen beetle,Abundance,ED,Edge Density,Landscape_Configurational_het,Configurational_het,Landscape_het,0.2207072,72,100_m_R
Sutter et al. (2018),p63,sub1880,Switzerland,Zurich,Temperate,Oilseed rape,Invertebrates,Pests,Coleoptera,Pollen beetle,Abundance,ED,Edge Density,Landscape_Configurational_het,Configurational_het,Landscape_het,0.1057515,72,250_m_R
Sutter et al. (2018),p63,sub1881,Switzerland,Zurich,Temperate,Oilseed rape,Invertebrates,Pests,Coleoptera,Pollen beetle,Abundance,ED,Edge Density,Landscape_Configurational_het,Configurational_het,Landscape_het,-0.07058428,72,500_m_R
Sutter et al. (2018),p63,sub1882,Switzerland,Zurich,Temperate,Oilseed rape,Invertebrates,Pests,Coleoptera,Pollen beetle,Abundance,ED,Edge Density,Landscape_Configurational_het,Configurational_het,Landscape_het,-0.1321312,72,1000_m_R
Tschumi et al. (2015),p65,sub1931,Switzerland,Central Swiss plateau (cantons Zurich and Aargau),Temperate,Wheat,Invertebrates,Pests,Coleoptera,Cereal leaf beetle (Oulema.melanopus),Abundance,ED,Edge Density,Landscape_Configurational_het,Configurational_het,Landscape_het,-0.1157241,50,100_m_R
Tschumi et al. (2015),p65,sub1932,Switzerland,Central Swiss plateau (cantons Zurich and Aargau),Temperate,Wheat,Invertebrates,Pests,Coleoptera,Cereal leaf beetle (Oulema.melanopus),Abundance,ED,Edge Density,Landscape_Configurational_het,Configurational_het,Landscape_het,0.0882716,50,250_m_R
Tschumi et al. (2015),p65,sub1933,Switzerland,Central Swiss plateau (cantons Zurich and Aargau),Temperate,Wheat,Invertebrates,Pests,Coleoptera,Cereal leaf beetle (Oulema.melanopus),Abundance,ED,Edge Density,Landscape_Configurational_het,Configurational_het,Landscape_het,0.08177803,50,500_m_R
Tschumi et al. (2015),p65,sub1934,Switzerland,Central Swiss plateau (cantons Zurich and Aargau),Temperate,Wheat,Invertebrates,Pests,Coleoptera,Cereal leaf beetle (Oulema.melanopus),Abundance,ED,Edge Density,Landscape_Configurational_het,Configurational_het,Landscape_het,0.05146518,50,1000_m_R
Schneider et al. (2015),p68,sub1974,Germany,"Würzburg, Bavaria",Temperate,Oilseed rape,Invertebrates,Pests,Coleoptera,Pollen beetle,Abundance,ED,Edge Density,Landscape_Configurational_het,Configurational_het,Landscape_het,0.1311019,36,100_m_R
Schneider et al. (2015),p68,sub1975,Germany,"Würzburg, Bavaria",Temperate,Oilseed rape,Invertebrates,Pests,Coleoptera,Pollen beetle,Abundance,ED,Edge Density,Landscape_Configurational_het,Configurational_het,Landscape_het,-0.03160445,36,250_m_R
Schneider et al. (2015),p68,sub1976,Germany,"Würzburg, Bavaria",Temperate,Oilseed rape,Invertebrates,Pests,Coleoptera,Pollen beetle,Abundance,ED,Edge Density,Landscape_Configurational_het,Configurational_het,Landscape_het,0.06849382,36,500_m_R
Schneider et al. (2015),p68,sub1977,Germany,"Würzburg, Bavaria",Temperate,Oilseed rape,Invertebrates,Pests,Coleoptera,Pollen beetle,Abundance,ED,Edge Density,Landscape_Configurational_het,Configurational_het,Landscape_het,0.0468066,36,1000_m_R
Schneider et al. (2015),p68,sub1978,Germany,"Würzburg, Bavaria",Temperate,Oilseed rape,Invertebrates,Pests,Coleoptera,Pollen beetle,Abundance,ED,Edge Density,Landscape_Configurational_het,Configurational_het,Landscape_het,0.07390374,35,2000_m_R
Schneider et al. (2015),p68,sub1979,Germany,"Würzburg, Bavaria",Temperate,Oilseed rape,Invertebrates,Pests,Coleoptera,Pollen beetle,Abundance,ED,Edge Density,Landscape_Configurational_het,Configurational_het,Landscape_het,0.09578028,35,3000_m_R
Gladbach et al. (2011),p69,sub1980,Germany,"Go¨ttingen, Lower Saxony, Germany (51320 N, 9560 E)",Temperate,Oilseed rape,Invertebrates,Pests,Coleoptera,Pollen beetle,Abundance,ED,Edge Density,Landscape_Configurational_het,Configurational_het,Landscape_het,-0.02043023,8,100_m_R
Gladbach et al. (2011),p69,sub1981,Germany,"Go¨ttingen, Lower Saxony, Germany (51320 N, 9560 E)",Temperate,Oilseed rape,Invertebrates,Pests,Coleoptera,Pollen beetle,Abundance,ED,Edge Density,Landscape_Configurational_het,Configurational_het,Landscape_het,0.06880985,8,250_m_R
Gladbach et al. (2011),p69,sub1982,Germany,"Go¨ttingen, Lower Saxony, Germany (51320 N, 9560 E)",Temperate,Oilseed rape,Invertebrates,Pests,Coleoptera,Pollen beetle,Abundance,ED,Edge Density,Landscape_Configurational_het,Configurational_het,Landscape_het,-0.1673756,8,500_m_R
Gladbach et al. (2011),p69,sub1983,Germany,"Go¨ttingen, Lower Saxony, Germany (51320 N, 9560 E)",Temperate,Oilseed rape,Invertebrates,Pests,Coleoptera,Pollen beetle,Abundance,ED,Edge Density,Landscape_Configurational_het,Configurational_het,Landscape_het,-0.2163551,8,1000_m_R
Gladbach et al. (2011),p69,sub1984,Germany,"Go¨ttingen, Lower Saxony, Germany (51320 N, 9560 E)",Temperate,Oilseed rape,Invertebrates,Pests,Coleoptera,Pollen beetle,Abundance,ED,Edge Density,Landscape_Configurational_het,Configurational_het,Landscape_het,0.2127269,8,2000_m_R
Gladbach et al. (2011),p69,sub1985,Germany,"Go¨ttingen, Lower Saxony, Germany (51320 N, 9560 E)",Temperate,Oilseed rape,Invertebrates,Pests,Coleoptera,Pollen beetle,Abundance,ED,Edge Density,Landscape_Configurational_het,Configurational_het,Landscape_het,0.1950457,8,3000_m_R
"Ruscha et al. (2011, 2013)",p70,sub1986,France,Normandy,Temperate,Oilseed rape,Invertebrates,Pests,Coleoptera,Pollen beetle,Abundance,ED,Edge Density,Landscape_Configurational_het,Configurational_het,Landscape_het,0.2970803,42,100_m_R
"Ruscha et al. (2011, 2013)",p70,sub1987,France,Normandy,Temperate,Oilseed rape,Invertebrates,Pests,Coleoptera,Pollen beetle,Abundance,ED,Edge Density,Landscape_Configurational_het,Configurational_het,Landscape_het,0.1008793,42,250_m_R
"Ruscha et al. (2011, 2013)",p70,sub1988,France,Normandy,Temperate,Oilseed rape,Invertebrates,Pests,Coleoptera,Pollen beetle,Abundance,ED,Edge Density,Landscape_Configurational_het,Configurational_het,Landscape_het,0.1049023,42,500_m_R
"Ruscha et al. (2011, 2013)",p70,sub1989,France,Normandy,Temperate,Oilseed rape,Invertebrates,Pests,Coleoptera,Pollen beetle,Abundance,ED,Edge Density,Landscape_Configurational_het,Configurational_het,Landscape_het,-0.00790567,42,1000_m_R
"Ruscha et al. (2011, 2013)",p70,sub1990,France,Normandy,Temperate,Oilseed rape,Invertebrates,Pests,Coleoptera,Pollen beetle,Abundance,ED,Edge Density,Landscape_Configurational_het,Configurational_het,Landscape_het,-0.1228508,42,2000_m_R
Martínez-Núñez et al. (2020),p76,sub2088,Spain,Andalusia,Temperate,Olive groves,Invertebrates,Pests,Lepidoptera,Pest(Prays oleae),Abundance,ED,Edge Density,Landscape_Configurational_het,Configurational_het,Landscape_het,0.38393411,40,1000_m_R
Martínez-Núñez et al. (2020),p76,sub2089,Spain,Andalusia,Temperate,Olive groves,Invertebrates,Pests,Diptera,Pest(Bactrocera oleae),Abundance,ED,Edge Density,Landscape_Configurational_het,Configurational_het,Landscape_het,-0.261124137,40,1000_m_R
Holland and Fahrig (2000),p115,sub2163,Canada,Ottawa,Temperate,Alfalfa,Invertebrates,Pests,Coleoptera,Weevils,Abundance,FBL,Field boundary length,Landscape_Configurational_het,Configurational_het,Landscape_het,0.108166538,59,1000m
Holland and Fahrig(2000),p115,sub2164,Canada,Ottawa,Temperate,Alfalfa,Invertebrates,Pests,Coleoptera,Weevils,Richness,FBL,Field boundary length,Landscape_Configurational_het,Configurational_het,Landscape_het,0.056568542,59,1000m
Holland and Fahrig (2000),p115,sub2165,Canada,Ottawa,Temperate,Alfalfa,Invertebrates,Pests,Coleoptera,Weevils,Abundance,FBL,Field boundary length,Landscape_Configurational_het,Configurational_het,Landscape_het,0.005477226,59,1000m
Baillod et al. (2017),p3,sub2187,Germany,Goettingen,Temperate,Wheat,Invertebrates,Pests,Hemiptera,Aphid,Abundance,SHDI,Shannon’s Diversity Index,Crop_compositional_het,Compositional_het,Crop_het,-0.1042405,153,500_m_R
Monck-Whipp et al. (2018),p6,sub2206,Canada,Eastern Ontario,Temperate,Multiple,Invertebrates,Pests,Lepidoptera,Lepidoptera,Abundance,SHDI,Shannon’s Diversity Index,Crop_compositional_het,Compositional_het,Crop_het,0.01234442,46,3 X 3 Km
Redlich et al. (2021),p8,sub2221,Germany,"Würzburg(49°47′N, 9°57′E)",Temperate,Multiple,Invertebrates,Pests,Hemiptera,Aphid (Sitobion avenae),Abundance,SHDI,Shannon’s Diversity Index,Crop_compositional_het,Compositional_het,Crop_het,-0.05976696,108,1000_m_R
Redlich et al. (2021),p8,sub2222,Germany,"Würzburg(49°47′N, 9°57′E)",Temperate,Multiple,Invertebrates,Pests,Hemiptera,Aphid (Metopolophium dirhodum),Abundance,SHDI,Shannon’s Diversity Index,Crop_compositional_het,Compositional_het,Crop_het,-0.05134951,108,1000_m_R
Redlich et al. (2021),p8,sub2223,Germany,"Würzburg(49°47′N, 9°57′E)",Temperate,Multiple,Invertebrates,Pests,Coleoptera,Cereal leaf beetle,Abundance,SHDI,Shannon’s Diversity Index,Crop_compositional_het,Compositional_het,Crop_het,0.00750725,108,1000_m_R
Fischer et al. (2018),p27,sub2456,Germany,"East Germany (Thuringia, around the city of Mühlhausen, 51°13′N, 10°27′E) and west Germany (Lower Saxony, around the city of Göttingen, 51°32′N, 9°56′E) ",Temperate,Winter wheat,Vertebrates,Pests,Rodentia,Mice,Abundance,SHDI,Shannon’s Diversity Index,Crop_compositional_het,Compositional_het,Crop_het,0.07494544,54,500_m_R
Fischer et al. (2018),p27,sub2457,Germany,"East Germany (Thuringia, around the city of Mühlhausen, 51°13′N, 10°27′E) and west Germany (Lower Saxony, around the city of Göttingen, 51°32′N, 9°56′E) ",Temperate,Winter wheat,Vertebrates,Pests,Rodentia,Voles,Abundance,SHDI,Shannon’s Diversity Index,Crop_compositional_het,Compositional_het,Crop_het,-0.002725856,54,500_m_R
Fischer et al. (2018),p27,sub2458,Germany,"East Germany (Thuringia, around the city of Mühlhausen, 51°13′N, 10°27′E) and west Germany (Lower Saxony, around the city of Göttingen, 51°32′N, 9°56′E) ",Temperate,Winter wheat,Vertebrates,Pests,Rodentia,Mice,Abundance,SHDI,Shannon’s Diversity Index,Crop_compositional_het,Compositional_het,Crop_het,-0.1210915,54,500_m_R
Fischer et al. (2018),p27,sub2459,Germany,"East Germany (Thuringia, around the city of Mühlhausen, 51°13′N, 10°27′E) and west Germany (Lower Saxony, around the city of Göttingen, 51°32′N, 9°56′E) ",Temperate,Winter wheat,Vertebrates,Pests,Rodentia,Voles,Abundance,SHDI,Shannon’s Diversity Index,Crop_compositional_het,Compositional_het,Crop_het,0.09931476,54,500_m_R
Priyadarshana et al. (2023),p93,sub2460,China,"Nanning, the capital of Guangxi Zhuang Autonomous Region (22◦56′–22◦95′N, 108◦13′–108◦62′E)",Tropical,"Multiple (rice, sugarcane, corn are dominant)",Invertebrates,Pests,Lepidoptera,Butterflies,Abundance,SHDI,Shannon’s Diversity Index,Crop_compositional_het,Compositional_het,Crop_het,-0.4935496,156,100_m_R
Chabert & Sarthou (2017),p96,sub2475,France,"Toulouse (from 43°N, 0°E to 44°N, 2°E)",Temperate,"Multiple (cereals, sunflower, grasslands)",Invertebrates,Pests,Hemiptera,Aphid,Abundance,SHDI,Shannon’s Diversity Index,Crop_compositional_het,Compositional_het,Crop_het,0.20337,52,1500_m_R
Olimpi et al. (2020),p107,sub2479,USA,Central Coast of California,Temperate,Strawberry,Invertebrates,Pests,Hemiptera,"Insects (Pests included Lygus Hes- perus and other Lygus spp., aphids (Hemiptera: Aphidae), spotted cucumber beetle (Diabrotica undecimpunctata), whiteflies (Hemiptera: Aleyrodidae), spotted-wing droso- phila (Drosophila suzukii))",Abundance,Simpson diversity index ,SIDI,Crop_compositional_het,Compositional_het,Crop_het,0.3993911,15,500m
Baillod et al. (2017),p3,sub2493,Germany,Goettingen,Temperate,Wheat,Invertebrates,Pests,Hemiptera,Aphid,Abundance,Field boundary length,FBL,Crop_Configurational_het,Configurational_het,Crop_het,-0.03287132,153,500_m_R
Monck-Whipp et al. (2018),p6,sub2512,Canada,Eastern Ontario,Temperate,Multiple,Invertebrates,Pests,Lepidoptera,Lepidoptera,Abundance,Mean field size,MFS_corrected,Crop_Configurational_het,Configurational_het,Crop_het,0.2702849,46,3 X 3 Km
Redlich et al. (2021),p8,sub2527,Germany,"Würzburg(49°47′N, 9°57′E)",Temperate,Multiple,Invertebrates,Pests,Hemiptera,Aphid (Sitobion avenae),Abundance,Edge Density,ED,Crop_Configurational_het,Configurational_het,Crop_het,-0.1674407,105,1000_m_R
Redlich et al. (2021),p8,sub2528,Germany,"Würzburg(49°47′N, 9°57′E)",Temperate,Multiple,Invertebrates,Pests,Hemiptera,Aphid (Metopolophium dirhodum),Abundance,Edge Density,ED,Crop_Configurational_het,Configurational_het,Crop_het,0.007597146,105,1000_m_R
Redlich et al. (2021),p8,sub2529,Germany,"Würzburg(49°47′N, 9°57′E)",Temperate,Multiple,Invertebrates,Pests,Coleoptera,Cereal leaf beetle,Abundance,Edge Density,ED,Crop_Configurational_het,Configurational_het,Crop_het,-0.2158937,105,1000_m_R
Fischer et al. (2018),p27,sub2894,Germany,"East Germany (Thuringia, around the city of Mühlhausen, 51°13′N, 10°27′E) and west Germany (Lower Saxony, around the city of Göttingen, 51°32′N, 9°56′E) ",Temperate,Winter wheat,Vertebrates,Pests,Rodentia,Mice,Abundance,Field boundary length,FBL,Crop_Configurational_het,Configurational_het,Crop_het,-0.0388299,54,500_m_R
Fischer et al. (2018),p27,sub2895,Germany,"East Germany (Thuringia, around the city of Mühlhausen, 51°13′N, 10°27′E) and west Germany (Lower Saxony, around the city of Göttingen, 51°32′N, 9°56′E) ",Temperate,Winter wheat,Vertebrates,Pests,Rodentia,Voles,Abundance,Field boundary length,FBL,Crop_Configurational_het,Configurational_het,Crop_het,0.2244277,54,500_m_R
Fischer et al. (2018),p27,sub2896,Germany,"East Germany (Thuringia, around the city of Mühlhausen, 51°13′N, 10°27′E) and west Germany (Lower Saxony, around the city of Göttingen, 51°32′N, 9°56′E) ",Temperate,Winter wheat,Vertebrates,Pests,Rodentia,Mice,Abundance,Mean field size,MFS_corrected,Crop_Configurational_het,Configurational_het,Crop_het,-0.09184786,54,500_m_R
Fischer et al. (2018),p27,sub2897,Germany,"East Germany (Thuringia, around the city of Mühlhausen, 51°13′N, 10°27′E) and west Germany (Lower Saxony, around the city of Göttingen, 51°32′N, 9°56′E) ",Temperate,Winter wheat,Vertebrates,Pests,Rodentia,Voles,Abundance,Mean field size,MFS_corrected,Crop_Configurational_het,Configurational_het,Crop_het,0.1670565,54,500_m_R
Fischer et al. (2018),p27,sub2898,Germany,"East Germany (Thuringia, around the city of Mühlhausen, 51°13′N, 10°27′E) and west Germany (Lower Saxony, around the city of Göttingen, 51°32′N, 9°56′E) ",Temperate,Winter wheat,Vertebrates,Pests,Rodentia,Mice,Abundance,Field boundary length,FBL,Crop_Configurational_het,Configurational_het,Crop_het,-0.06123903,54,500_m_R
Fischer et al. (2018),p27,sub2899,Germany,"East Germany (Thuringia, around the city of Mühlhausen, 51°13′N, 10°27′E) and west Germany (Lower Saxony, around the city of Göttingen, 51°32′N, 9°56′E) ",Temperate,Winter wheat,Vertebrates,Pests,Rodentia,Voles,Abundance,Field boundary length,FBL,Crop_Configurational_het,Configurational_het,Crop_het,0.3160937,54,500_m_R
Fischer et al. (2018),p27,sub2900,Germany,"East Germany (Thuringia, around the city of Mühlhausen, 51°13′N, 10°27′E) and west Germany (Lower Saxony, around the city of Göttingen, 51°32′N, 9°56′E) ",Temperate,Winter wheat,Vertebrates,Pests,Rodentia,Mice,Abundance,Mean field size,MFS_corrected,Crop_Configurational_het,Configurational_het,Crop_het,-0.1592978,54,500_m_R
Fischer et al. (2018),p27,sub2901,Germany,"East Germany (Thuringia, around the city of Mühlhausen, 51°13′N, 10°27′E) and west Germany (Lower Saxony, around the city of Göttingen, 51°32′N, 9°56′E) ",Temperate,Winter wheat,Vertebrates,Pests,Rodentia,Voles,Abundance,Mean field size,MFS_corrected,Crop_Configurational_het,Configurational_het,Crop_het,0.2019998,54,500_m_R
Priyadarshana et al. (2023),p93,sub2902,China,"Nanning, the capital of Guangxi Zhuang Autonomous Region (22◦56′–22◦95′N, 108◦13′–108◦62′E)",Tropical,"Multiple (rice, sugarcane, corn are dominant)",Invertebrates,Pests,Lepidoptera,Butterflies,Abundance,Field boundary length,FBL,Crop_Configurational_het,Configurational_het,Crop_het,0.0402604,156,100_m_R